axis,value,seed,bandit_v2,ppo_v3,fqi_v3,ppo_minus_bandit,fqi_minus_bandit
fatigue_rate,0.0,10,1.5100365612636057,1.7118814530950774,1.4225506092076394,0.2018448918314717,-0.08748595205596632
fatigue_rate,0.0,11,1.5170774846353534,1.6298958857628378,1.396088785280458,0.11281840112748442,-0.12098869935489542
fatigue_rate,0.0,12,1.4279026840492002,1.5717795642219663,1.4205518111134288,0.14387688017276612,-0.007350872935771413
fatigue_rate,0.0,13,1.492918361293233,1.586642327787175,1.3993397580077165,0.09372396649394199,-0.09357860328551659
fatigue_rate,0.0,14,1.5095224479537863,1.6630371056448217,1.4052461077849072,0.15351465769103534,-0.1042763401688791
fatigue_rate,0.0,15,1.5037835473104841,1.615739200435945,1.3199806704802204,0.11195565312546085,-0.18380287683026375
fatigue_rate,0.0,16,1.6187525550353823,1.7419272684451017,1.3564999314699555,0.12317471340971942,-0.2622526235654268
fatigue_rate,0.0,17,1.427420332497724,1.5896959479986774,1.3690927403006086,0.16227561550095349,-0.05832759219711536
fatigue_rate,0.0,18,1.4560986272491965,1.460816764666288,1.4187713811537934,0.004718137417091484,-0.037327246095403055
fatigue_rate,0.0,19,1.6022185030645397,1.59872804495224,1.348474366278666,-0.0034904581122996436,-0.2537441367858737
fatigue_rate,0.0,20,1.4456714851937267,1.540750831090389,1.429625244021344,0.09507934589666234,-0.016046241172382736
fatigue_rate,0.0,21,1.4531641428448863,1.2782784769892466,1.3424403950662633,-0.1748856658556397,-0.11072374777862293
fatigue_rate,0.0,22,1.5470385049939974,1.5680305978960989,1.2863801111899125,0.020992092902101467,-0.26065839380408495
fatigue_rate,0.0,23,1.452436924471586,1.6466514864797863,1.3513669815512115,0.1942145620082003,-0.10106994292037452
fatigue_rate,0.0,24,1.4493220370691209,1.6859520029571247,1.3663150600835794,0.23662996588800378,-0.08300697698554149
fatigue_rate,0.1,10,1.2730768217410091,1.4268995673811795,1.3081630135624789,0.1538227456401704,0.03508619182146977
fatigue_rate,0.1,11,1.2472564997608333,1.2996574406335424,1.322713434509298,0.05240094087270908,0.0754569347484646
fatigue_rate,0.1,12,1.2699228179740647,1.3305797374362571,1.274968001687441,0.06065691946219243,0.005045183713376256
fatigue_rate,0.1,13,1.2229904671307417,1.2954048653523402,1.2993745808021602,0.07241439822159856,0.07638411367141851
fatigue_rate,0.1,14,1.3234491447492582,1.4346219772754631,1.2187043592977307,0.11117283252620491,-0.10474478545152754
fatigue_rate,0.1,15,1.3141390872079262,1.366640049778993,1.2408490982693994,0.052500962571066845,-0.07328998893852678
fatigue_rate,0.1,16,1.3694575639281552,1.3068904671716575,1.2748568877580146,-0.06256709675649774,-0.09460067617014056
fatigue_rate,0.1,17,1.1783026134933885,1.297611866408568,1.2030623929457187,0.11930925291517958,0.02475977945233021
fatigue_rate,0.1,18,1.2669848480944812,1.227487946299604,1.2528398227374904,-0.03949690179487719,-0.014145025356990804
fatigue_rate,0.1,19,1.4262468547313596,1.32715004495224,1.2179521402870048,-0.09909680977911961,-0.20829471444435477
fatigue_rate,0.1,20,1.1831039848128637,1.2347717243034082,1.220467179449283,0.051667739490544484,0.03736319463641924
fatigue_rate,0.1,21,1.2424315060902753,1.350901741815709,1.210892943034555,0.10847023572543368,-0.03153856305572034
fatigue_rate,0.1,22,1.230461485400511,1.376487827212392,1.24412354110272,0.146026341811881,0.01366205570220913
fatigue_rate,0.1,23,1.197660681844669,1.2966980922815186,1.2410957407633616,0.09903741043684966,0.043435058918692704
fatigue_rate,0.1,24,1.2315406108324212,1.3501581326170922,1.3358079058548906,0.118617521784671,0.10426729502246945
fatigue_rate,0.2,10,1.1888317706655274,1.3099376113040386,1.2068683293586147,0.12110584063851126,0.01803655869308729
fatigue_rate,0.2,11,1.1870305078654735,1.2002902838840166,1.2577286603374307,0.013259776018543112,0.07069815247195721
fatigue_rate,0.2,12,1.235907693227457,1.1319078718675386,1.203367052638832,-0.10399982135991848,-0.03254064058862505
fatigue_rate,0.2,13,1.1715445864085563,1.2608412513428227,1.1950917460089951,0.08929666493426636,0.02354715960043885
fatigue_rate,0.2,14,1.1875488827457759,1.2761072237745268,1.1813336226084505,0.08855834102875093,-0.006215260137325318
fatigue_rate,0.2,15,1.2175877034090576,1.3360354645211676,1.2087711475375655,0.11844776111210997,-0.008816555871492104
fatigue_rate,0.2,16,1.218481530527195,1.3068904671716575,1.1722949776991392,0.08840893664446248,-0.04618655282805584
fatigue_rate,0.2,17,1.1642024152427062,1.2152842312794818,1.1290909974331866,0.05108181603677564,-0.03511141780951954
fatigue_rate,0.2,18,1.1715391622577376,1.1783664446316775,1.1690817112129344,0.006827282373939925,-0.002457451044803216
fatigue_rate,0.2,19,1.193357909940259,1.3585757560577831,1.116820648817029,0.16521784611752421,-0.07653726112323
fatigue_rate,0.2,20,1.0997966365819787,1.2533732630945786,1.1211316225364,0.15357662651259996,0.021334985954421404
fatigue_rate,0.2,21,1.140166482446061,1.358247102784667,1.1505301548505957,0.2180806203386061,0.01036367240453484
fatigue_rate,0.2,22,1.1360147404356926,1.271884455791863,1.1926471974934385,0.13586971535617032,0.05663245705774589
fatigue_rate,0.2,23,1.027021611559054,1.2406921481792008,1.2240041846289609,0.2136705366201468,0.19698257306990685
fatigue_rate,0.2,24,1.154603494607007,1.3501581326170922,1.129365915961969,0.1955546380100852,-0.02523757864503806
fatigue_rate,0.4,10,1.0748721357070323,1.3099376113040386,1.0209152196177522,0.2350654755970063,-0.053956916089280105
fatigue_rate,0.4,11,1.0922251247990469,1.2002902838840166,1.1579742218787366,0.10806515908496972,0.06574909707968968
fatigue_rate,0.4,12,1.078833963353933,1.2948597335408925,1.1516968270497685,0.21602577018695945,0.0728628636958355
fatigue_rate,0.4,13,1.042651336194148,1.2859973556467512,1.0914132380308648,0.24334601945260315,0.04876190183671669
fatigue_rate,0.4,14,1.1105559520934207,1.2761072237745268,1.122077179732498,0.16555127168110606,0.011521227639077258
fatigue_rate,0.4,15,1.0160887926218625,1.3360354645211676,1.0875874393904983,0.31994667189930515,0.07149864676863582
fatigue_rate,0.4,16,1.0335227297317195,1.3068904671716575,1.0766703529085233,0.2733677374399379,0.04314762317680376
fatigue_rate,0.4,17,1.0935011195224729,1.2394327944116246,0.9777231900812104,0.1459316748891517,-0.11577792944126242
fatigue_rate,0.4,18,1.1252864182726952,1.1783664446316775,0.9961871442860943,0.053080026358982346,-0.12909927398660082
fatigue_rate,0.4,19,1.1151979062307467,1.361148149497409,1.0608861468015514,0.24595024326666226,-0.054311759429195305
fatigue_rate,0.4,20,0.9909230707745666,1.2186434814011158,1.0303664682612212,0.22772041062654913,0.0394433974866546
fatigue_rate,0.4,21,1.0554709438918328,1.3496697418157089,1.1152226380222465,0.29419879792387604,0.0597516941304137
fatigue_rate,0.4,22,1.1063322002638112,1.2464243714928305,1.0496364527757187,0.1400921712290193,-0.056695747488092474
fatigue_rate,0.4,23,1.0166696284223369,1.248020483845504,1.0651171441231257,0.23135085542316713,0.04844751570078887
fatigue_rate,0.4,24,1.0675330405795518,1.3501581326170922,0.972463053277162,0.2826250920375404,-0.0950699873023898
fatigue_rate,0.6,10,1.0212636926041323,1.3099376113040386,0.9102300316678177,0.28867391869990633,-0.11103366093631462
fatigue_rate,0.6,11,1.1199248827550299,1.2002902838840166,1.0549473565972933,0.08036540112898671,-0.06497752615773655
fatigue_rate,0.6,12,1.048970359192791,1.2948597335408925,0.96696178230169,0.24588937434810143,-0.08200857689110097
fatigue_rate,0.6,13,1.063602101774159,1.2859973556467512,1.0384857861338483,0.22239525387259218,-0.025116315640310694
fatigue_rate,0.6,14,1.1113339592555445,1.2761072237745268,1.000777427451765,0.16477326451898233,-0.11055653180377956
fatigue_rate,0.6,15,1.0094250775964526,1.3360354645211676,1.088643863600845,0.326610386924715,0.07921878600439247
fatigue_rate,0.6,16,1.0543594457716876,1.3068904671716575,0.996724347927775,0.25253102139996986,-0.05763509784391263
fatigue_rate,0.6,17,1.0999790851360522,1.2394327944116246,0.8840363190295155,0.13945370927557232,-0.21594276610653673
fatigue_rate,0.6,18,1.053713352728131,1.1783664446316775,0.9342810886445626,0.12465309190354645,-0.11943226408356844
fatigue_rate,0.6,19,1.0824887348021597,1.361148149497409,0.992102603605235,0.27865941469524924,-0.09038613119692473
fatigue_rate,0.6,20,1.0045116268574306,1.2186434814011158,0.9488720774066671,0.21413185454368522,-0.05563954945076344
fatigue_rate,0.6,21,1.0650898335814745,1.3496697418157089,1.045170094952125,0.2845799082342344,-0.01991973862934948
fatigue_rate,0.6,22,1.111821468171825,1.2876910815118405,0.9275363582371893,0.1758696133400155,-0.18428510993463576
fatigue_rate,0.6,23,1.0878436896339743,1.248020483845504,0.9710398294366063,0.16017679421152975,-0.11680386019736799
fatigue_rate,0.6,24,1.0846829901349326,1.3501581326170922,0.9008822748215156,0.26547514248215953,-0.18380071531341702
delayed_reward_strength,0.0,10,1.5100365612636057,1.7118814530950774,1.4225506092076394,0.2018448918314717,-0.08748595205596632
delayed_reward_strength,0.0,11,1.5170774846353534,1.6298958857628378,1.396088785280458,0.11281840112748442,-0.12098869935489542
delayed_reward_strength,0.0,12,1.4279026840492002,1.5717795642219663,1.4205518111134288,0.14387688017276612,-0.007350872935771413
delayed_reward_strength,0.0,13,1.492918361293233,1.586642327787175,1.3993397580077165,0.09372396649394199,-0.09357860328551659
delayed_reward_strength,0.0,14,1.5095224479537863,1.6630371056448217,1.4052461077849072,0.15351465769103534,-0.1042763401688791
delayed_reward_strength,0.0,15,1.5037835473104841,1.615739200435945,1.3199806704802204,0.11195565312546085,-0.18380287683026375
delayed_reward_strength,0.0,16,1.6187525550353823,1.7419272684451017,1.3564999314699555,0.12317471340971942,-0.2622526235654268
delayed_reward_strength,0.0,17,1.427420332497724,1.5896959479986774,1.3690927403006086,0.16227561550095349,-0.05832759219711536
delayed_reward_strength,0.0,18,1.4560986272491965,1.460816764666288,1.4187713811537934,0.004718137417091484,-0.037327246095403055
delayed_reward_strength,0.0,19,1.6022185030645397,1.59872804495224,1.348474366278666,-0.0034904581122996436,-0.2537441367858737
delayed_reward_strength,0.0,20,1.4456714851937267,1.540750831090389,1.429625244021344,0.09507934589666234,-0.016046241172382736
delayed_reward_strength,0.0,21,1.4531641428448863,1.2782784769892466,1.3424403950662633,-0.1748856658556397,-0.11072374777862293
delayed_reward_strength,0.0,22,1.5470385049939974,1.5680305978960989,1.2863801111899125,0.020992092902101467,-0.26065839380408495
delayed_reward_strength,0.0,23,1.452436924471586,1.6466514864797863,1.3513669815512115,0.1942145620082003,-0.10106994292037452
delayed_reward_strength,0.0,24,1.4493220370691209,1.6859520029571247,1.3663150600835794,0.23662996588800378,-0.08300697698554149
delayed_reward_strength,0.25,10,1.9462105071259495,2.4366751677220533,1.6923077983585,0.49046466059610383,-0.25390270876744947
delayed_reward_strength,0.25,11,1.857785900904023,2.3690705355278006,1.738109474405666,0.5112846346237776,-0.11967642649835697
delayed_reward_strength,0.25,12,1.8510568942880432,2.347700938934215,1.7268870691304001,0.49664404464617173,-0.12416982515764308
delayed_reward_strength,0.25,13,1.7767671178884281,2.2120182497036103,1.7984688284111228,0.43525113181518216,0.02170171052269465
delayed_reward_strength,0.25,14,1.8441013664425543,2.3802235213409966,1.826673521463146,0.5361221548984423,-0.017427844979408302
delayed_reward_strength,0.25,15,1.8534704959069552,2.3091260328018763,1.7450809155597358,0.4556555368949211,-0.10838958034721946
delayed_reward_strength,0.25,16,1.9934344928914183,2.4350711197494492,1.7582646764325804,0.44163662685803096,-0.23516981645883783
delayed_reward_strength,0.25,17,1.8318488081328455,2.2634879655714606,1.7279849674709622,0.43163915743861514,-0.10386384066188326
delayed_reward_strength,0.25,18,1.7246332505647988,2.3634759110475665,1.6286497353464602,0.6388426604827677,-0.09598351521833859
delayed_reward_strength,0.25,19,1.9117252931023039,2.3503414878010194,1.6270969880826915,0.4386161946987155,-0.28462830501961234
delayed_reward_strength,0.25,20,1.8341009632499896,2.20149885210143,1.7546239026044779,0.3673978888514402,-0.07947706064551174
delayed_reward_strength,0.25,21,1.7208757191571444,2.176391528866892,1.7067100797220192,0.45551580970974737,-0.014165639435125277
delayed_reward_strength,0.25,22,1.826185008968299,2.2798532902183113,1.6821128967750647,0.45366828125001235,-0.14407211219323424
delayed_reward_strength,0.25,23,1.7714866311858082,2.0094304568717885,1.6470833269988923,0.23794382568598027,-0.12440330418691592
delayed_reward_strength,0.25,24,1.8186167180023793,2.38952647437041,1.7055876775943994,0.5709097563680308,-0.1130290404079799
delayed_reward_strength,0.5,10,2.0571410975335773,2.4452448853646014,1.9549926378184463,0.38810378783102406,-0.10214845971513098
delayed_reward_strength,0.5,11,1.9870447042656647,2.3724330674651224,1.9812156565787329,0.3853883631994577,-0.005829047686931821
delayed_reward_strength,0.5,12,2.0267114673927002,2.354492627300386,1.885976465648119,0.32778115990768564,-0.1407350017445812
delayed_reward_strength,0.5,13,1.9254815639654785,2.2621887697125382,1.920217553908814,0.3367072057470597,-0.005264010056664548
delayed_reward_strength,0.5,14,2.0027752205090077,2.393865452556989,1.9712670647558437,0.39109023204798143,-0.03150815575316401
delayed_reward_strength,0.5,15,2.036404515382183,2.3091260328018763,1.910621824777446,0.2727215174196935,-0.1257826906047368
delayed_reward_strength,0.5,16,2.167672187110568,2.4368281510512144,1.9749835871138315,0.26915596394064645,-0.1926885999967365
delayed_reward_strength,0.5,17,1.9787077590197535,2.2703918974106188,1.7875379529724054,0.29168413839086527,-0.19116980604734812
delayed_reward_strength,0.5,18,1.8387068614005497,2.366743605067294,1.899708752246673,0.5280367436667444,0.061001890846123175
delayed_reward_strength,0.5,19,2.0880047328473434,2.3503414878010194,1.868493168336487,0.2623367549536759,-0.21951156451085652
delayed_reward_strength,0.5,20,1.9761092348654339,2.210554989948661,1.913439703447793,0.23444575508322707,-0.06266953141764087
delayed_reward_strength,0.5,21,1.9365611424360627,1.8191310124449027,1.8396051806903368,-0.11743012999115998,-0.09695596174572585
delayed_reward_strength,0.5,22,1.9658193783541356,2.285000915101969,1.874552670016311,0.31918153674783345,-0.09126670833782446
delayed_reward_strength,0.5,23,1.9056970563553948,2.2576170626064656,1.890466153306104,0.3519200062510708,-0.015230903049290756
delayed_reward_strength,0.5,24,2.0173527458158205,2.3912985586311972,1.8666215817718164,0.37394581281537675,-0.1507311640440041
delayed_reward_strength,1.0,10,2.1465436435848164,2.444418885364601,2.0603048896917695,0.2978752417797845,-0.08623875389304692
delayed_reward_strength,1.0,11,2.072991354743456,2.402087476706079,2.031276616019825,0.32909612196262295,-0.04171473872363096
delayed_reward_strength,1.0,12,2.0892894308349352,2.354492627300386,1.9567209013854254,0.26520319646545065,-0.1325685294495098
delayed_reward_strength,1.0,13,2.003258794052068,2.0796629590608875,1.979934271518841,0.07640416500881964,-0.02332452253322681
delayed_reward_strength,1.0,14,2.0709133441052705,2.393865452556989,2.057448856824821,0.3229521084517186,-0.013464487280449688
delayed_reward_strength,1.0,15,2.1114487551521304,2.2598580328018762,2.004722519821005,0.14840927764974587,-0.10672623533112535
delayed_reward_strength,1.0,16,2.2162000588845987,2.4567061510512143,2.0901078224564884,0.24050609216661556,-0.1260922364281103
delayed_reward_strength,1.0,17,2.0221803003602465,2.270401897410619,1.8452505868468518,0.24822159705037228,-0.1769297135133947
delayed_reward_strength,1.0,18,1.8901546941920988,2.3693156050672934,1.9917123585196412,0.47916091087519463,0.10155766432754243
delayed_reward_strength,1.0,19,2.1075605524145744,2.3503414878010194,1.9164004829800827,0.24278093538644496,-0.1911600694344917
delayed_reward_strength,1.0,20,2.0105658663538613,2.2100309899486614,1.9849670077596488,0.19946512359480018,-0.025598858594212404
delayed_reward_strength,1.0,21,1.9679866301528175,2.0602590124449027,1.9177244709906394,0.09227238229208523,-0.05026215916217813
delayed_reward_strength,1.0,22,2.009338411962079,2.284768915101969,1.9464085725087574,0.2754305031398898,-0.06292983945332176
delayed_reward_strength,1.0,23,1.9696396788908452,2.0146470626064654,1.955807512564758,0.045007383715620186,-0.013832166326087192
delayed_reward_strength,1.0,24,2.0723094835727935,2.3912985586311972,1.9540116461725368,0.3189890750584037,-0.11829783740025679
delayed_reward_strength,2.0,10,2.1465436435848164,2.444418885364601,2.063985584904202,0.2978752417797845,-0.08255805868061428
delayed_reward_strength,2.0,11,2.072991354743456,2.402087476706079,2.0348734510929636,0.32909612196262295,-0.03811790365049239
delayed_reward_strength,2.0,12,2.0739544185395884,2.354492627300386,1.9584458149702193,0.2805382087607975,-0.1155086035693691
delayed_reward_strength,2.0,13,2.003258794052068,2.0796629590608875,1.981596960551741,0.07640416500881964,-0.02166183350032691
delayed_reward_strength,2.0,14,2.0709133441052705,2.393865452556989,2.057448856824821,0.3229521084517186,-0.013464487280449688
delayed_reward_strength,2.0,15,2.1114487551521304,2.2598580328018762,2.008265242339287,0.14840927764974587,-0.10318351281284333
delayed_reward_strength,2.0,16,2.2162000588845987,2.4567061510512143,2.0901078224564884,0.24050609216661556,-0.1260922364281103
delayed_reward_strength,2.0,17,2.0221803003602465,2.270401897410619,1.8852878541914564,0.24822159705037228,-0.13689244616879015
delayed_reward_strength,2.0,18,1.8901546941920988,2.3693156050672934,1.9952274118679805,0.47916091087519463,0.10507271767588167
delayed_reward_strength,2.0,19,2.1075605524145744,2.3503414878010194,1.9181776711018832,0.24278093538644496,-0.1893828813126912
delayed_reward_strength,2.0,20,2.012321206094159,2.2100309899486614,1.9884712803745632,0.19770978385450233,-0.023849925719595877
delayed_reward_strength,2.0,21,1.971298318730692,2.0602590124449027,1.9195684479183812,0.08896069371421067,-0.05172987081231084
delayed_reward_strength,2.0,22,2.0113062913933297,2.284768915101969,1.9500416198020225,0.2734626237086393,-0.06126467159130722
delayed_reward_strength,2.0,23,1.9730337708210128,2.0850510626064653,1.9575193591232063,0.1120172917854525,-0.01551441169780654
delayed_reward_strength,2.0,24,2.0723094835727935,2.3912985586311972,1.9540116461725368,0.3189890750584037,-0.11829783740025679
transition_coupling_strength,0.0,10,1.5100365612636057,1.7118814530950774,1.4225506092076394,0.2018448918314717,-0.08748595205596632
transition_coupling_strength,0.0,11,1.5170774846353534,1.6298958857628378,1.396088785280458,0.11281840112748442,-0.12098869935489542
transition_coupling_strength,0.0,12,1.4279026840492002,1.5717795642219663,1.4205518111134288,0.14387688017276612,-0.007350872935771413
transition_coupling_strength,0.0,13,1.492918361293233,1.586642327787175,1.3993397580077165,0.09372396649394199,-0.09357860328551659
transition_coupling_strength,0.0,14,1.5095224479537863,1.6630371056448217,1.4052461077849072,0.15351465769103534,-0.1042763401688791
transition_coupling_strength,0.0,15,1.5037835473104841,1.615739200435945,1.3199806704802204,0.11195565312546085,-0.18380287683026375
transition_coupling_strength,0.0,16,1.6187525550353823,1.7419272684451017,1.3564999314699555,0.12317471340971942,-0.2622526235654268
transition_coupling_strength,0.0,17,1.427420332497724,1.5896959479986774,1.3690927403006086,0.16227561550095349,-0.05832759219711536
transition_coupling_strength,0.0,18,1.4560986272491965,1.460816764666288,1.4187713811537934,0.004718137417091484,-0.037327246095403055
transition_coupling_strength,0.0,19,1.6022185030645397,1.59872804495224,1.348474366278666,-0.0034904581122996436,-0.2537441367858737
transition_coupling_strength,0.0,20,1.4456714851937267,1.540750831090389,1.429625244021344,0.09507934589666234,-0.016046241172382736
transition_coupling_strength,0.0,21,1.4531641428448863,1.2782784769892466,1.3424403950662633,-0.1748856658556397,-0.11072374777862293
transition_coupling_strength,0.0,22,1.5470385049939974,1.5680305978960989,1.2863801111899125,0.020992092902101467,-0.26065839380408495
transition_coupling_strength,0.0,23,1.452436924471586,1.6466514864797863,1.3513669815512115,0.1942145620082003,-0.10106994292037452
transition_coupling_strength,0.0,24,1.4493220370691209,1.6859520029571247,1.3663150600835794,0.23662996588800378,-0.08300697698554149
transition_coupling_strength,0.5,10,2.6426634547283188,2.9476261139632958,2.227095796038455,0.304962659234977,-0.4155676586898638
transition_coupling_strength,0.5,11,2.5968503933052225,2.9572139139997833,2.1503009737079597,0.3603635206945608,-0.4465494195972628
transition_coupling_strength,0.5,12,2.6758581392668352,2.9933963238069237,2.1818333636815535,0.3175381845400884,-0.4940247755852818
transition_coupling_strength,0.5,13,2.5435479481035963,3.0010086944770045,2.2349981128743046,0.45746074637340817,-0.3085498352292917
transition_coupling_strength,0.5,14,2.728189099746138,3.0712983111021965,2.252319318656852,0.34310921135605854,-0.475869781089286
transition_coupling_strength,0.5,15,2.6411049108669413,3.0325902388700214,2.356288048693488,0.3914853280030801,-0.28481686217345326
transition_coupling_strength,0.5,16,2.610384097289571,3.0854280453166574,2.2701304827495625,0.4750439480270865,-0.34025361454000835
transition_coupling_strength,0.5,17,2.696488045718591,3.0483711186410614,2.1822024484133427,0.35188307292247023,-0.5142855973052485
transition_coupling_strength,0.5,18,2.516722727603669,3.083675882419543,2.2110132835040304,0.5669531548158742,-0.3057094440996386
transition_coupling_strength,0.5,19,2.566373006346118,3.0769374750444665,2.2274753443605695,0.5105644686983486,-0.3388976619855484
transition_coupling_strength,0.5,20,2.6239857720930866,2.9800442910357607,2.1988633753646294,0.35605851894267415,-0.4251223967284572
transition_coupling_strength,0.5,21,2.523890462793403,3.1321576291131503,2.2141347280112287,0.6082671663197474,-0.3097557347821742
transition_coupling_strength,0.5,22,2.622372570897526,3.0583341329645473,2.1679924550054395,0.4359615620670212,-0.4543801158920866
transition_coupling_strength,0.5,23,2.577821629569308,3.0960020738060097,2.2431493034646186,0.5181804442367017,-0.33467232610468933
transition_coupling_strength,0.5,24,2.6864654698758192,3.0578133324120316,2.412368702470467,0.3713478625362123,-0.27409676740535227
transition_coupling_strength,1.0,10,4.136942511519316,4.642434237646756,3.2618463060732528,0.5054917261274401,-0.8750962054460634
transition_coupling_strength,1.0,11,3.9797580965235566,4.5166396114613105,3.1689598851291243,0.5368815149377539,-0.8107982113944323
transition_coupling_strength,1.0,12,4.111356115722937,4.547401225313625,3.2166233790620185,0.43604510959068854,-0.8947327366609183
transition_coupling_strength,1.0,13,3.8946212875913426,4.5417315340395055,3.211994579867087,0.6471102464481628,-0.6826267077242556
transition_coupling_strength,1.0,14,3.9473793279708866,4.699618297556786,3.2860932647165733,0.7522389695858998,-0.6612860632543134
transition_coupling_strength,1.0,15,4.044051464946879,4.522871719118993,3.3586408777666477,0.47882025417211427,-0.6854105871802312
transition_coupling_strength,1.0,16,4.015667184824047,4.640605185318773,3.438684578983019,0.6249380004947254,-0.5769826058410281
transition_coupling_strength,1.0,17,4.005640758633897,4.440621599802139,3.2680462607200043,0.4349808411682421,-0.7375944979138924
transition_coupling_strength,1.0,18,3.981566314437427,4.535666752591017,3.249603774031202,0.5541004381535899,-0.7319625404062253
transition_coupling_strength,1.0,19,4.074940406547514,4.544341371465413,3.171175873400053,0.4694009649178996,-0.9037645331474606
transition_coupling_strength,1.0,20,4.008943440251862,4.506307091321312,3.3063032883405037,0.4973636510694499,-0.7026401519113583
transition_coupling_strength,1.0,21,3.975579368836523,4.487725184042226,3.3372891856240012,0.5121458152057032,-0.6382901832125216
transition_coupling_strength,1.0,22,3.9373719025368707,4.530926991790763,3.3078652372024067,0.5935550892538926,-0.6295066653344641
transition_coupling_strength,1.0,23,4.059608435528955,4.597522825858792,3.351119601791815,0.5379143903298367,-0.7084888337371402
transition_coupling_strength,1.0,24,4.107848698118537,4.524029328234746,3.263834497336942,0.41618063011620876,-0.844014200781595
transition_coupling_strength,2.0,10,5.336505775844776,5.785384984782443,4.476285717825448,0.448879208937667,-0.860220058019328
transition_coupling_strength,2.0,11,5.27567861350012,5.817050531145053,4.431670714332246,0.5413719176449332,-0.8440078991678739
transition_coupling_strength,2.0,12,5.29083113239121,5.874455868633397,4.575029047381752,0.5836247362421876,-0.7158020850094582
transition_coupling_strength,2.0,13,5.408828178390518,5.774550871943528,4.356627110083811,0.36572269355300957,-1.0522010683067071
transition_coupling_strength,2.0,14,5.45794395342132,5.6787492843907,4.521570236493975,0.22080533096938026,-0.9363737169273447
transition_coupling_strength,2.0,15,5.278411482447916,5.761067139213308,4.5199014273627265,0.48265565676539257,-0.7585100550851891
transition_coupling_strength,2.0,16,5.314526122029719,5.856766187161822,4.553045916637176,0.5422400651321038,-0.7614802053925427
transition_coupling_strength,2.0,17,5.460774521600122,5.777489557364728,4.529789887000344,0.3167150357646058,-0.9309846345997776
transition_coupling_strength,2.0,18,5.38483879749694,5.605497054241634,4.650328197587439,0.2206582567446942,-0.734510599909501
transition_coupling_strength,2.0,19,5.311449073395522,5.736777219505524,4.491777751004357,0.4253281461100018,-0.8196713223911649
transition_coupling_strength,2.0,20,5.345636674847038,5.834965634449076,4.514958616346027,0.48932895960203826,-0.830678058501011
transition_coupling_strength,2.0,21,5.297010780232391,5.84825583781545,4.558320760649173,0.551245057583059,-0.7386900195832178
transition_coupling_strength,2.0,22,5.2783706853866805,5.8576537129121995,4.453270268285264,0.579283027525519,-0.8251004171014165
transition_coupling_strength,2.0,23,5.301534089651498,5.755207368979651,4.450485675556912,0.4536732793281528,-0.8510484140945858
transition_coupling_strength,2.0,24,5.2936296169158155,5.736766823366979,4.307799555264806,0.44313720645116383,-0.9858300616510096
transition_coupling_strength,3.0,10,5.46424312535478,6.026751642345863,4.710516652519868,0.5625085169910831,-0.753726472834912
transition_coupling_strength,3.0,11,5.67422649530551,5.918578761139926,4.483055106444434,0.24435226583441594,-1.1911713888610764
transition_coupling_strength,3.0,12,5.566943044183737,6.029516231319796,4.823705326676135,0.46257318713605944,-0.7432377175076015
transition_coupling_strength,3.0,13,5.550636879583688,5.943889141843502,4.6143531859001365,0.39325226225981424,-0.936283693683551
transition_coupling_strength,3.0,14,5.478715486141659,5.7706485667261305,4.97105347154806,0.29193308058447176,-0.507662014593599
transition_coupling_strength,3.0,15,5.587985498773062,6.0817265141788335,4.696768303672144,0.49374101540577175,-0.8912171951009178
transition_coupling_strength,3.0,16,5.615426266189261,5.927456160996379,4.975155552638973,0.31202989480711807,-0.6402707135502883
transition_coupling_strength,3.0,17,5.722612078135628,6.123599757445435,4.924143077288892,0.4009876793098064,-0.7984690008467368
transition_coupling_strength,3.0,18,5.637747534072321,6.028852247654122,4.899572319253336,0.3911047135818011,-0.7381752148189848
transition_coupling_strength,3.0,19,5.560026421615059,6.017630890434689,4.912144133051462,0.45760446881963013,-0.6478822885635971
transition_coupling_strength,3.0,20,5.578827451951779,6.149000600857291,5.142085118354773,0.5701731489055124,-0.43674233359700576
transition_coupling_strength,3.0,21,5.648320178160148,5.545368188201633,4.903928777693562,-0.10295198995851518,-0.7443914004665864
transition_coupling_strength,3.0,22,5.7374099592522505,6.035624778379974,4.9279875215955125,0.29821481912772363,-0.809422437656738
transition_coupling_strength,3.0,23,5.7942684173937575,5.921564705940822,4.84659227870185,0.12729628854706476,-0.9476761386919073
transition_coupling_strength,3.0,24,5.654528913120834,6.086725836279385,4.732247363686723,0.43219692315855074,-0.9222815494341114
t_max,20,10,1.5100365612636057,1.7118814530950774,1.4225506092076394,0.2018448918314717,-0.08748595205596632
t_max,20,11,1.5170774846353534,1.6298958857628378,1.396088785280458,0.11281840112748442,-0.12098869935489542
t_max,20,12,1.4279026840492002,1.5717795642219663,1.4205518111134288,0.14387688017276612,-0.007350872935771413
t_max,20,13,1.492918361293233,1.586642327787175,1.3993397580077165,0.09372396649394199,-0.09357860328551659
t_max,20,14,1.5095224479537863,1.6630371056448217,1.4052461077849072,0.15351465769103534,-0.1042763401688791
t_max,20,15,1.5037835473104841,1.615739200435945,1.3199806704802204,0.11195565312546085,-0.18380287683026375
t_max,20,16,1.6187525550353823,1.7419272684451017,1.3564999314699555,0.12317471340971942,-0.2622526235654268
t_max,20,17,1.427420332497724,1.5896959479986774,1.3690927403006086,0.16227561550095349,-0.05832759219711536
t_max,20,18,1.4560986272491965,1.460816764666288,1.4187713811537934,0.004718137417091484,-0.037327246095403055
t_max,20,19,1.6022185030645397,1.59872804495224,1.348474366278666,-0.0034904581122996436,-0.2537441367858737
t_max,20,20,1.4456714851937267,1.540750831090389,1.429625244021344,0.09507934589666234,-0.016046241172382736
t_max,20,21,1.4531641428448863,1.2782784769892466,1.3424403950662633,-0.1748856658556397,-0.11072374777862293
t_max,20,22,1.5470385049939974,1.5680305978960989,1.2863801111899125,0.020992092902101467,-0.26065839380408495
t_max,20,23,1.452436924471586,1.6466514864797863,1.3513669815512115,0.1942145620082003,-0.10106994292037452
t_max,20,24,1.4493220370691209,1.6859520029571247,1.3663150600835794,0.23662996588800378,-0.08300697698554149
t_max,30,10,1.5386936310089683,1.6916694530950775,1.4260527269198073,0.15297582208610927,-0.11264090408916094
t_max,30,11,1.5182154846353535,1.662864776252959,1.3878520498479685,0.14464929161760542,-0.130363434787385
t_max,30,12,1.4279026840492002,1.5992995734876074,1.4205518111134288,0.17139688943840725,-0.007350872935771413
t_max,30,13,1.497414361293233,1.586642327787175,1.4720073651915089,0.08922796649394216,-0.025406996101724033
t_max,30,14,1.5124177249960429,1.654849105644822,1.4044961077849072,0.14243138064877914,-0.10792161721113569
t_max,30,15,1.5099218149713316,1.5576692004359451,1.348870852952965,0.047747385464613545,-0.16105096201836666
t_max,30,16,1.6069665181321136,1.6297036986334383,1.3629540230406394,0.022737180501324783,-0.24401249509147416
t_max,30,17,1.4304003324977241,1.5939689432986863,1.3093803949645912,0.1635686108009622,-0.12101993753313289
t_max,30,18,1.4543697754635327,1.633772764666288,1.399617686852753,0.17940298920275533,-0.05475208861077974
t_max,30,19,1.4878607877547843,1.6550625257311342,1.3384123947805162,0.16720173797634996,-0.14944839297426804
t_max,30,20,1.4404008227374896,1.540760831090389,1.3770613050949791,0.10036000835289949,-0.06333951764251045
t_max,30,21,1.4556583872627584,1.390534970084495,1.3424403950662633,-0.06512341717826353,-0.11321799219649509
t_max,30,22,1.5442751794950045,1.6200725978960988,1.2861710448439008,0.07579741840109433,-0.2581041346511037
t_max,30,23,1.4588013885835605,1.7138634864797864,1.278121151440508,0.2550620978962259,-0.18068023714305248
t_max,30,24,1.449368965015263,1.6814704197415908,1.369922135769608,0.23210145472632782,-0.07944682924565494
t_max,40,10,1.5386936310089683,1.6916694530950775,1.4260527269198073,0.15297582208610927,-0.11264090408916094
t_max,40,11,1.5182154846353535,1.662864776252959,1.3878520498479685,0.14464929161760542,-0.130363434787385
t_max,40,12,1.4279026840492002,1.5992995734876074,1.4205518111134288,0.17139688943840725,-0.007350872935771413
t_max,40,13,1.497414361293233,1.586642327787175,1.4720073651915089,0.08922796649394216,-0.025406996101724033
t_max,40,14,1.5124177249960429,1.654849105644822,1.4044961077849072,0.14243138064877914,-0.10792161721113569
t_max,40,15,1.510849383264832,1.5576692004359451,1.348870852952965,0.046819817171113165,-0.16197853031186704
t_max,40,16,1.6069665181321136,1.6297036986334383,1.3637840230406393,0.022737180501324783,-0.24318249509147427
t_max,40,17,1.4304003324977241,1.5939689432986863,1.3704882610604074,0.1635686108009622,-0.059912071437316694
t_max,40,18,1.4543697754635327,1.633772764666288,1.399617686852753,0.17940298920275533,-0.05475208861077974
t_max,40,19,1.4878607877547843,1.6550625257311342,1.3384123947805162,0.16720173797634996,-0.14944839297426804
t_max,40,20,1.4404008227374896,1.540760831090389,1.3770613050949791,0.10036000835289949,-0.06333951764251045
t_max,40,21,1.4556583872627584,1.390534970084495,1.3424403950662633,-0.06512341717826353,-0.11321799219649509
t_max,40,22,1.5442751794950045,1.6200725978960988,1.2861710448439008,0.07579741840109433,-0.2581041346511037
t_max,40,23,1.4588013885835605,1.7138634864797864,1.278121151440508,0.2550620978962259,-0.18068023714305248
t_max,40,24,1.449368965015263,1.6814704197415908,1.369922135769608,0.23210145472632782,-0.07944682924565494
t_max,60,10,1.5386936310089683,1.6916694530950775,1.4260527269198073,0.15297582208610927,-0.11264090408916094
t_max,60,11,1.5182154846353535,1.662864776252959,1.3878520498479685,0.14464929161760542,-0.130363434787385
t_max,60,12,1.4279026840492002,1.5992995734876074,1.4205518111134288,0.17139688943840725,-0.007350872935771413
t_max,60,13,1.497414361293233,1.586642327787175,1.4720073651915089,0.08922796649394216,-0.025406996101724033
t_max,60,14,1.5124177249960429,1.654849105644822,1.4044961077849072,0.14243138064877914,-0.10792161721113569
t_max,60,15,1.510849383264832,1.5576692004359451,1.348870852952965,0.046819817171113165,-0.16197853031186704
t_max,60,16,1.6069665181321136,1.6297036986334383,1.3637840230406393,0.022737180501324783,-0.24318249509147427
t_max,60,17,1.4304003324977241,1.5939689432986863,1.3704882610604074,0.1635686108009622,-0.059912071437316694
t_max,60,18,1.4543697754635327,1.633772764666288,1.399617686852753,0.17940298920275533,-0.05475208861077974
t_max,60,19,1.4878607877547843,1.6550625257311342,1.3384123947805162,0.16720173797634996,-0.14944839297426804
t_max,60,20,1.4404008227374896,1.540760831090389,1.3770613050949791,0.10036000835289949,-0.06333951764251045
t_max,60,21,1.4556583872627584,1.390534970084495,1.3424403950662633,-0.06512341717826353,-0.11321799219649509
t_max,60,22,1.5442751794950045,1.6200725978960988,1.2861710448439008,0.07579741840109433,-0.2581041346511037
t_max,60,23,1.4588013885835605,1.7138634864797864,1.278121151440508,0.2550620978962259,-0.18068023714305248
t_max,60,24,1.449368965015263,1.6814704197415908,1.369922135769608,0.23210145472632782,-0.07944682924565494
