axis,value,seed,policy,mean_reward,purchase_rate,std_reward
fatigue_rate,0.0,5,bandit_v2,1.1307733725783224,0.0766,3.0067222978300205
fatigue_rate,0.0,5,fqi_v3,1.0503974860052836,0.079,2.9648700888789485
fatigue_rate,0.0,5,no_op,0.9891364895829158,0.081,2.9027535946989627
fatigue_rate,0.0,5,ppo_v3,1.2146372075894742,0.0756,3.0724048938797646
fatigue_rate,0.0,5,uniform,1.0172154721393036,0.0762,2.9118595776263043
fatigue_rate,0.0,6,bandit_v2,1.1435334247171332,0.077,3.030932372789122
fatigue_rate,0.0,6,fqi_v3,1.0664905005433203,0.0824,2.9838612969955163
fatigue_rate,0.0,6,no_op,0.9190379372338064,0.0772,2.7992973858150254
fatigue_rate,0.0,6,ppo_v3,1.3705450175121492,0.0822,3.1535630276051454
fatigue_rate,0.0,6,uniform,1.065086276881002,0.0768,2.965041777507048
fatigue_rate,0.0,7,bandit_v2,1.173675659153899,0.0824,3.063433856727632
fatigue_rate,0.0,7,fqi_v3,1.1070938026636452,0.0846,3.038037463410817
fatigue_rate,0.0,7,no_op,0.9527923624315464,0.0786,2.8768697391794364
fatigue_rate,0.0,7,ppo_v3,1.2402284421746372,0.079,3.118528481678208
fatigue_rate,0.0,7,uniform,1.0119097139174,0.0744,2.884487526726151
fatigue_rate,0.0,8,bandit_v2,1.2378678156915839,0.085,3.094300087788361
fatigue_rate,0.0,8,fqi_v3,1.0663149285495734,0.08,2.9544292883738468
fatigue_rate,0.0,8,no_op,0.9979349852134687,0.0808,2.883955784274637
fatigue_rate,0.0,8,ppo_v3,1.4547382676649625,0.0938,3.3266392865049608
fatigue_rate,0.0,8,uniform,1.1115188546849577,0.0822,3.0683179180353353
fatigue_rate,0.0,9,bandit_v2,1.0957991527971438,0.0756,2.9696759848359244
fatigue_rate,0.0,9,fqi_v3,1.0367239394598942,0.078,2.928760271763634
fatigue_rate,0.0,9,no_op,0.894503434374167,0.0744,2.7547734157911052
fatigue_rate,0.0,9,ppo_v3,1.3597952264955602,0.0812,3.18821824977036
fatigue_rate,0.0,9,uniform,1.1415475118307172,0.0854,3.077516099715073
fatigue_rate,0.1,5,bandit_v2,0.9442695034616442,0.0794,3.0186703923510674
fatigue_rate,0.1,5,fqi_v3,0.963133673972216,0.0802,2.9593639724747596
fatigue_rate,0.1,5,no_op,0.9891364895829158,0.081,2.9027535946989627
fatigue_rate,0.1,5,ppo_v3,0.9660324235245702,0.0816,3.024725795690161
fatigue_rate,0.1,5,uniform,0.8298954721393038,0.0762,2.850757491609323
fatigue_rate,0.1,6,bandit_v2,0.9738300085870333,0.079,2.934642076647647
fatigue_rate,0.1,6,fqi_v3,0.9571404265405629,0.0826,2.9343594175930057
fatigue_rate,0.1,6,no_op,0.9190379372338064,0.0772,2.7992973858150254
fatigue_rate,0.1,6,ppo_v3,0.9576788533024756,0.077,2.855055157316531
fatigue_rate,0.1,6,uniform,0.8801662768810021,0.0768,2.8919901290226373
fatigue_rate,0.1,7,bandit_v2,0.9202005253871521,0.0738,2.884014159290659
fatigue_rate,0.1,7,fqi_v3,0.957432434573763,0.0792,2.925063687152512
fatigue_rate,0.1,7,no_op,0.9527923624315464,0.0786,2.8768697391794364
fatigue_rate,0.1,7,ppo_v3,0.9577560311769127,0.0782,2.8538624117407783
fatigue_rate,0.1,7,uniform,0.8153697139174001,0.0744,2.826127701258493
fatigue_rate,0.1,8,bandit_v2,0.9735781857303116,0.0782,2.9105775827247866
fatigue_rate,0.1,8,fqi_v3,0.9814601842223858,0.0818,2.955121128262252
fatigue_rate,0.1,8,no_op,0.9979349852134687,0.0808,2.883955784274637
fatigue_rate,0.1,8,ppo_v3,1.0457972223443235,0.079,2.9551865428756314
fatigue_rate,0.1,8,uniform,0.9351388546849575,0.0822,3.0007541808284475
fatigue_rate,0.1,9,bandit_v2,0.9310666959157424,0.0802,2.9836955483264207
fatigue_rate,0.1,9,fqi_v3,0.9784678128711739,0.0824,2.9116742279326413
fatigue_rate,0.1,9,no_op,0.894503434374167,0.0744,2.7547734157911052
fatigue_rate,0.1,9,ppo_v3,0.9375299698299061,0.074,2.8126349236119634
fatigue_rate,0.1,9,uniform,0.952267511830717,0.0854,3.021572525264581
fatigue_rate,0.2,5,bandit_v2,0.8942157243449658,0.0802,2.9546875411796347
fatigue_rate,0.2,5,fqi_v3,0.9062758801295975,0.0816,2.9429200482722506
fatigue_rate,0.2,5,no_op,0.9891364895829158,0.081,2.9027535946989627
fatigue_rate,0.2,5,ppo_v3,0.9891364895829158,0.081,2.9027535946989627
fatigue_rate,0.2,5,uniform,0.6925554721393037,0.0762,2.839785572755032
fatigue_rate,0.2,6,bandit_v2,0.8114470638727267,0.077,2.867115285276525
fatigue_rate,0.2,6,fqi_v3,0.8948908147086606,0.0816,2.9049735536232224
fatigue_rate,0.2,6,no_op,0.9190379372338064,0.0772,2.7992973858150254
fatigue_rate,0.2,6,ppo_v3,0.9180348614045979,0.0738,2.82161248537588
fatigue_rate,0.2,6,uniform,0.7502262768810021,0.0768,2.8595769013895906
fatigue_rate,0.2,7,bandit_v2,0.8007981676741657,0.0724,2.8255960523279544
fatigue_rate,0.2,7,fqi_v3,0.8892371430626804,0.08,2.896793395753619
fatigue_rate,0.2,7,no_op,0.9527923624315464,0.0786,2.8768697391794364
fatigue_rate,0.2,7,ppo_v3,0.8903954478470799,0.0728,2.7696311619097114
fatigue_rate,0.2,7,uniform,0.6782497139174001,0.0744,2.806801356204305
fatigue_rate,0.2,8,bandit_v2,0.9500725117282667,0.0818,2.9431773590098422
fatigue_rate,0.2,8,fqi_v3,0.9285260893478929,0.0824,2.9061988727768435
fatigue_rate,0.2,8,no_op,0.9979349852134687,0.0808,2.883955784274637
fatigue_rate,0.2,8,ppo_v3,1.0133013706290048,0.0828,2.9103505466898443
fatigue_rate,0.2,8,uniform,0.7966388546849577,0.0822,2.974742902276842
fatigue_rate,0.2,9,bandit_v2,0.8462839837528552,0.0818,2.947179974746267
fatigue_rate,0.2,9,fqi_v3,0.949569638343088,0.0862,2.964882380286207
fatigue_rate,0.2,9,no_op,0.894503434374167,0.0744,2.7547734157911052
fatigue_rate,0.2,9,ppo_v3,0.8930943485975446,0.0742,2.752634178500063
fatigue_rate,0.2,9,uniform,0.8162275118307171,0.0854,2.9821161237486815
fatigue_rate,0.4,5,bandit_v2,0.769127350888044,0.078,2.8804704685643805
fatigue_rate,0.4,5,fqi_v3,0.7646863821432125,0.08,2.8997538659497732
fatigue_rate,0.4,5,no_op,0.9891364895829158,0.081,2.9027535946989627
fatigue_rate,0.4,5,ppo_v3,0.9891364895829158,0.081,2.9027535946989627
fatigue_rate,0.4,5,uniform,0.5106154721393037,0.0762,2.8020300364180475
fatigue_rate,0.4,6,bandit_v2,0.8508166723975639,0.0848,2.9363342697547177
fatigue_rate,0.4,6,fqi_v3,0.7808299346211859,0.0814,2.8733754987328437
fatigue_rate,0.4,6,no_op,0.9190379372338064,0.0772,2.7992973858150254
fatigue_rate,0.4,6,ppo_v3,0.9190379372338064,0.0772,2.7992973858150254
fatigue_rate,0.4,6,uniform,0.568806276881002,0.0768,2.828468946068892
fatigue_rate,0.4,7,bandit_v2,0.7877816101206366,0.073,2.795676634614305
fatigue_rate,0.4,7,fqi_v3,0.8060300984148139,0.0794,2.856291096236085
fatigue_rate,0.4,7,no_op,0.9527923624315464,0.0786,2.8768697391794364
fatigue_rate,0.4,7,ppo_v3,0.967657640164399,0.0804,2.8846761210548433
fatigue_rate,0.4,7,uniform,0.5000497139174,0.0744,2.770816227028444
fatigue_rate,0.4,8,bandit_v2,0.9020351756343075,0.0806,2.8929106353184615
fatigue_rate,0.4,8,fqi_v3,0.8937816199188754,0.0838,2.947717507698621
fatigue_rate,0.4,8,no_op,0.9979349852134687,0.0808,2.883955784274637
fatigue_rate,0.4,8,ppo_v3,0.9979349852134687,0.0808,2.883955784274637
fatigue_rate,0.4,8,uniform,0.6169788546849576,0.0822,2.943646538059611
fatigue_rate,0.4,9,bandit_v2,0.812983676981345,0.0774,2.8914677292354356
fatigue_rate,0.4,9,fqi_v3,0.8512100797281511,0.087,2.9583136314762366
fatigue_rate,0.4,9,no_op,0.894503434374167,0.0744,2.7547734157911052
fatigue_rate,0.4,9,ppo_v3,0.894503434374167,0.0744,2.7547734157911052
fatigue_rate,0.4,9,uniform,0.631227511830717,0.0854,2.9513944714809397
fatigue_rate,0.6,5,bandit_v2,0.8688786697853462,0.0854,2.9831449457198955
fatigue_rate,0.6,5,fqi_v3,0.7735105307016487,0.087,2.9716181299054467
fatigue_rate,0.6,5,no_op,0.9891364895829158,0.081,2.9027535946989627
fatigue_rate,0.6,5,ppo_v3,0.9891364895829158,0.081,2.9027535946989627
fatigue_rate,0.6,5,uniform,0.3913354721393037,0.0762,2.783190355001853
fatigue_rate,0.6,6,bandit_v2,0.8489036893312925,0.0838,2.908496659414621
fatigue_rate,0.6,6,fqi_v3,0.7117833100142452,0.0776,2.8318428577625427
fatigue_rate,0.6,6,no_op,0.9190379372338064,0.0772,2.7992973858150254
fatigue_rate,0.6,6,ppo_v3,0.9190379372338064,0.0772,2.7992973858150254
fatigue_rate,0.6,6,uniform,0.4458462768810021,0.0768,2.8001723139658883
fatigue_rate,0.6,7,bandit_v2,0.7586381521158836,0.077,2.8029469635631736
fatigue_rate,0.6,7,fqi_v3,0.7850764221592278,0.0814,2.831433122006152
fatigue_rate,0.6,7,no_op,0.9527923624315464,0.0786,2.8768697391794364
fatigue_rate,0.6,7,ppo_v3,0.9527923624315464,0.0786,2.8768697391794364
fatigue_rate,0.6,7,uniform,0.38570971391740005,0.0744,2.752842152996713
fatigue_rate,0.6,8,bandit_v2,0.9047329413902561,0.0846,2.956744089132796
fatigue_rate,0.6,8,fqi_v3,0.8290730802736574,0.0834,2.9178253855659726
fatigue_rate,0.6,8,no_op,0.9979349852134687,0.0808,2.883955784274637
fatigue_rate,0.6,8,ppo_v3,0.9979349852134687,0.0808,2.883955784274637
fatigue_rate,0.6,8,uniform,0.5033588546849577,0.0822,2.9206775864314505
fatigue_rate,0.6,9,bandit_v2,0.8187364985997134,0.0766,2.806741840052619
fatigue_rate,0.6,9,fqi_v3,0.7506663016370783,0.0808,2.859644815474989
fatigue_rate,0.6,9,no_op,0.894503434374167,0.0744,2.7547734157911052
fatigue_rate,0.6,9,ppo_v3,0.894503434374167,0.0744,2.7547734157911052
fatigue_rate,0.6,9,uniform,0.500587511830717,0.0854,2.941240581360066
delayed_reward_strength,0.0,5,bandit_v2,1.1307733725783224,0.0766,3.0067222978300205
delayed_reward_strength,0.0,5,fqi_v3,1.0503974860052836,0.079,2.9648700888789485
delayed_reward_strength,0.0,5,no_op,0.9891364895829158,0.081,2.9027535946989627
delayed_reward_strength,0.0,5,ppo_v3,1.2146372075894742,0.0756,3.0724048938797646
delayed_reward_strength,0.0,5,uniform,1.0172154721393036,0.0762,2.9118595776263043
delayed_reward_strength,0.0,6,bandit_v2,1.1435334247171332,0.077,3.030932372789122
delayed_reward_strength,0.0,6,fqi_v3,1.0664905005433203,0.0824,2.9838612969955163
delayed_reward_strength,0.0,6,no_op,0.9190379372338064,0.0772,2.7992973858150254
delayed_reward_strength,0.0,6,ppo_v3,1.3705450175121492,0.0822,3.1535630276051454
delayed_reward_strength,0.0,6,uniform,1.065086276881002,0.0768,2.965041777507048
delayed_reward_strength,0.0,7,bandit_v2,1.173675659153899,0.0824,3.063433856727632
delayed_reward_strength,0.0,7,fqi_v3,1.1070938026636452,0.0846,3.038037463410817
delayed_reward_strength,0.0,7,no_op,0.9527923624315464,0.0786,2.8768697391794364
delayed_reward_strength,0.0,7,ppo_v3,1.2402284421746372,0.079,3.118528481678208
delayed_reward_strength,0.0,7,uniform,1.0119097139174,0.0744,2.884487526726151
delayed_reward_strength,0.0,8,bandit_v2,1.2378678156915839,0.085,3.094300087788361
delayed_reward_strength,0.0,8,fqi_v3,1.0663149285495734,0.08,2.9544292883738468
delayed_reward_strength,0.0,8,no_op,0.9979349852134687,0.0808,2.883955784274637
delayed_reward_strength,0.0,8,ppo_v3,1.4547382676649625,0.0938,3.3266392865049608
delayed_reward_strength,0.0,8,uniform,1.1115188546849577,0.0822,3.0683179180353353
delayed_reward_strength,0.0,9,bandit_v2,1.0957991527971438,0.0756,2.9696759848359244
delayed_reward_strength,0.0,9,fqi_v3,1.0367239394598942,0.078,2.928760271763634
delayed_reward_strength,0.0,9,no_op,0.894503434374167,0.0744,2.7547734157911052
delayed_reward_strength,0.0,9,ppo_v3,1.3597952264955602,0.0812,3.18821824977036
delayed_reward_strength,0.0,9,uniform,1.1415475118307172,0.0854,3.077516099715073
delayed_reward_strength,0.25,5,bandit_v2,1.443600546151736,0.1128,3.491702577631887
delayed_reward_strength,0.25,5,fqi_v3,1.444065182472813,0.1272,3.545676452930738
delayed_reward_strength,0.25,5,no_op,0.9891364895829158,0.081,2.9027535946989627
delayed_reward_strength,0.25,5,ppo_v3,1.8890757228303734,0.1628,3.9037647801961506
delayed_reward_strength,0.25,5,uniform,1.3632421794404104,0.1148,3.414921610797577
delayed_reward_strength,0.25,6,bandit_v2,1.4984095843382386,0.1148,3.5034351462912188
delayed_reward_strength,0.25,6,fqi_v3,1.5061764374885767,0.1274,3.5747582061067926
delayed_reward_strength,0.25,6,no_op,0.9190379372338064,0.0772,2.7992973858150254
delayed_reward_strength,0.25,6,ppo_v3,2.0295465823744245,0.167,4.086753399992774
delayed_reward_strength,0.25,6,uniform,1.3961248798840704,0.1138,3.431489323585596
delayed_reward_strength,0.25,7,bandit_v2,1.5181374927618287,0.118,3.5149329111208822
delayed_reward_strength,0.25,7,fqi_v3,1.4823083522659608,0.1246,3.491256086450262
delayed_reward_strength,0.25,7,no_op,0.9527923624315464,0.0786,2.8768697391794364
delayed_reward_strength,0.25,7,ppo_v3,1.9950154944864538,0.1634,4.074657025909546
delayed_reward_strength,0.25,7,uniform,1.402821589404334,0.118,3.458038780318276
delayed_reward_strength,0.25,8,bandit_v2,1.5468760921079165,0.1204,3.5345502674808977
delayed_reward_strength,0.25,8,fqi_v3,1.2847154564878702,0.1108,3.327291066125427
delayed_reward_strength,0.25,8,no_op,0.9979349852134687,0.0808,2.883955784274637
delayed_reward_strength,0.25,8,ppo_v3,2.153445561667765,0.1784,4.17719057116673
delayed_reward_strength,0.25,8,uniform,1.4452109975059502,0.1196,3.529662485699673
delayed_reward_strength,0.25,9,bandit_v2,1.552504756473598,0.1234,3.6090462633964013
delayed_reward_strength,0.25,9,fqi_v3,1.4466236847393843,0.1232,3.5098606695026504
delayed_reward_strength,0.25,9,no_op,0.894503434374167,0.0744,2.7547734157911052
delayed_reward_strength,0.25,9,ppo_v3,2.070361589229767,0.1698,4.148582783994424
delayed_reward_strength,0.25,9,uniform,1.5078964159700077,0.1264,3.5647970314744075
delayed_reward_strength,0.5,5,bandit_v2,1.5768879397848807,0.1268,3.638248698942195
delayed_reward_strength,0.5,5,fqi_v3,1.674954661544128,0.1492,3.794819762918218
delayed_reward_strength,0.5,5,no_op,0.9891364895829158,0.081,2.9027535946989627
delayed_reward_strength,0.5,5,ppo_v3,1.866751231187308,0.1632,3.917865660466817
delayed_reward_strength,0.5,5,uniform,1.511642953322382,0.1314,3.59041272081891
delayed_reward_strength,0.5,6,bandit_v2,1.6348347800871255,0.1308,3.683565765651308
delayed_reward_strength,0.5,6,fqi_v3,1.6510226246615478,0.1424,3.7123492293764775
delayed_reward_strength,0.5,6,no_op,0.9190379372338064,0.0772,2.7992973858150254
delayed_reward_strength,0.5,6,ppo_v3,2.034642810741168,0.1676,4.08910794223738
delayed_reward_strength,0.5,6,uniform,1.5342394445204297,0.1294,3.5880398854387368
delayed_reward_strength,0.5,7,bandit_v2,1.5992716897884434,0.1286,3.6300736499640527
delayed_reward_strength,0.5,7,fqi_v3,1.5622269594570228,0.1374,3.6211705805793866
delayed_reward_strength,0.5,7,no_op,0.9527923624315464,0.0786,2.8768697391794364
delayed_reward_strength,0.5,7,ppo_v3,1.9967695532249328,0.1636,4.076580881615414
delayed_reward_strength,0.5,7,uniform,1.5202668755113244,0.1312,3.5986404491855573
delayed_reward_strength,0.5,8,bandit_v2,1.744239429677437,0.1406,3.7547220107892194
delayed_reward_strength,0.5,8,fqi_v3,1.4402339059628275,0.1254,3.4869107934562185
delayed_reward_strength,0.5,8,no_op,0.9979349852134687,0.0808,2.883955784274637
delayed_reward_strength,0.5,8,ppo_v3,1.7793580564434932,0.1792,3.9276875588433597
delayed_reward_strength,0.5,8,uniform,1.5872818762587986,0.1356,3.6980827462401034
delayed_reward_strength,0.5,9,bandit_v2,1.7327961396541738,0.1412,3.812282149407767
delayed_reward_strength,0.5,9,fqi_v3,1.577714588120459,0.138,3.6424967169020928
delayed_reward_strength,0.5,9,no_op,0.894503434374167,0.0744,2.7547734157911052
delayed_reward_strength,0.5,9,ppo_v3,2.0721241360198985,0.17,4.149778870820043
delayed_reward_strength,0.5,9,uniform,1.6561102341576928,0.143,3.7376996767959425
delayed_reward_strength,1.0,5,bandit_v2,1.6321308414441047,0.1324,3.693173213592554
delayed_reward_strength,1.0,5,fqi_v3,1.6965909920103859,0.152,3.82349856096222
delayed_reward_strength,1.0,5,no_op,0.9891364895829158,0.081,2.9027535946989627
delayed_reward_strength,1.0,5,ppo_v3,1.619745231187308,0.1632,3.782146797605617
delayed_reward_strength,1.0,5,uniform,1.5520423728100166,0.136,3.630769623947546
delayed_reward_strength,1.0,6,bandit_v2,1.6762609246031719,0.1346,3.7263409164033696
delayed_reward_strength,1.0,6,fqi_v3,1.7042113347334586,0.1478,3.7647931520477584
delayed_reward_strength,1.0,6,no_op,0.9190379372338064,0.0772,2.7992973858150254
delayed_reward_strength,1.0,6,ppo_v3,1.9481728107411675,0.1676,4.066736264173142
delayed_reward_strength,1.0,6,uniform,1.5869160410453143,0.1354,3.6462889212677254
delayed_reward_strength,1.0,7,bandit_v2,1.7088013686618273,0.1412,3.7184526411656087
delayed_reward_strength,1.0,7,fqi_v3,1.592109999437445,0.1402,3.657149332333
delayed_reward_strength,1.0,7,no_op,0.9527923624315464,0.0786,2.8768697391794364
delayed_reward_strength,1.0,7,ppo_v3,1.9967695532249328,0.1636,4.076580881615414
delayed_reward_strength,1.0,7,uniform,1.572618528855833,0.1372,3.6471116014769414
delayed_reward_strength,1.0,8,bandit_v2,1.7894075520489658,0.1474,3.798499310350627
delayed_reward_strength,1.0,8,fqi_v3,1.473677936258314,0.1312,3.556962847437743
delayed_reward_strength,1.0,8,no_op,0.9979349852134687,0.0808,2.883955784274637
delayed_reward_strength,1.0,8,ppo_v3,2.158868056443493,0.1792,4.180958250490288
delayed_reward_strength,1.0,8,uniform,1.6322672575453443,0.1408,3.741782918188852
delayed_reward_strength,1.0,9,bandit_v2,1.770998146431206,0.1458,3.8601617505521295
delayed_reward_strength,1.0,9,fqi_v3,1.642801830332644,0.145,3.693879638413396
delayed_reward_strength,1.0,9,no_op,0.894503434374167,0.0744,2.7547734157911052
delayed_reward_strength,1.0,9,ppo_v3,2.0721241360198985,0.17,4.149778870820043
delayed_reward_strength,1.0,9,uniform,1.7235013035674098,0.1506,3.7976374347045763
delayed_reward_strength,2.0,5,bandit_v2,1.6321308414441047,0.1324,3.693173213592554
delayed_reward_strength,2.0,5,fqi_v3,1.6983215426923186,0.1522,3.8250640928927773
delayed_reward_strength,2.0,5,no_op,0.9891364895829158,0.081,2.9027535946989627
delayed_reward_strength,2.0,5,ppo_v3,1.619745231187308,0.1632,3.782146797605617
delayed_reward_strength,2.0,5,uniform,1.5520423728100166,0.136,3.630769623947546
delayed_reward_strength,2.0,6,bandit_v2,1.6762609246031719,0.1346,3.7263409164033696
delayed_reward_strength,2.0,6,fqi_v3,1.7042113347334586,0.1478,3.7647931520477584
delayed_reward_strength,2.0,6,no_op,0.9190379372338064,0.0772,2.7992973858150254
delayed_reward_strength,2.0,6,ppo_v3,1.9481728107411675,0.1676,4.066736264173142
delayed_reward_strength,2.0,6,uniform,1.5869160410453143,0.1354,3.6462889212677254
delayed_reward_strength,2.0,7,bandit_v2,1.7088013686618273,0.1412,3.7184526411656087
delayed_reward_strength,2.0,7,fqi_v3,1.5957959306048652,0.1406,3.6602982698348714
delayed_reward_strength,2.0,7,no_op,0.9527923624315464,0.0786,2.8768697391794364
delayed_reward_strength,2.0,7,ppo_v3,1.9967695532249328,0.1636,4.076580881615414
delayed_reward_strength,2.0,7,uniform,1.572618528855833,0.1372,3.6471116014769414
delayed_reward_strength,2.0,8,bandit_v2,1.7894075520489658,0.1474,3.798499310350627
delayed_reward_strength,2.0,8,fqi_v3,1.4754823922947944,0.1314,3.5589495705793226
delayed_reward_strength,2.0,8,no_op,0.9979349852134687,0.0808,2.883955784274637
delayed_reward_strength,2.0,8,ppo_v3,2.158868056443493,0.1792,4.180958250490288
delayed_reward_strength,2.0,8,uniform,1.6322672575453443,0.1408,3.741782918188852
delayed_reward_strength,2.0,9,bandit_v2,1.7745691458857036,0.1462,3.8639854648477514
delayed_reward_strength,2.0,9,fqi_v3,1.6348100267470491,0.144,3.6925678301042297
delayed_reward_strength,2.0,9,no_op,0.894503434374167,0.0744,2.7547734157911052
delayed_reward_strength,2.0,9,ppo_v3,2.0721241360198985,0.17,4.149778870820043
delayed_reward_strength,2.0,9,uniform,1.7235013035674098,0.1506,3.7976374347045763
transition_coupling_strength,0.0,5,bandit_v2,1.1307733725783224,0.0766,3.0067222978300205
transition_coupling_strength,0.0,5,fqi_v3,1.0503974860052836,0.079,2.9648700888789485
transition_coupling_strength,0.0,5,no_op,0.9891364895829158,0.081,2.9027535946989627
transition_coupling_strength,0.0,5,ppo_v3,1.2146372075894742,0.0756,3.0724048938797646
transition_coupling_strength,0.0,5,uniform,1.0172154721393036,0.0762,2.9118595776263043
transition_coupling_strength,0.0,6,bandit_v2,1.1435334247171332,0.077,3.030932372789122
transition_coupling_strength,0.0,6,fqi_v3,1.0664905005433203,0.0824,2.9838612969955163
transition_coupling_strength,0.0,6,no_op,0.9190379372338064,0.0772,2.7992973858150254
transition_coupling_strength,0.0,6,ppo_v3,1.3705450175121492,0.0822,3.1535630276051454
transition_coupling_strength,0.0,6,uniform,1.065086276881002,0.0768,2.965041777507048
transition_coupling_strength,0.0,7,bandit_v2,1.173675659153899,0.0824,3.063433856727632
transition_coupling_strength,0.0,7,fqi_v3,1.1070938026636452,0.0846,3.038037463410817
transition_coupling_strength,0.0,7,no_op,0.9527923624315464,0.0786,2.8768697391794364
transition_coupling_strength,0.0,7,ppo_v3,1.2402284421746372,0.079,3.118528481678208
transition_coupling_strength,0.0,7,uniform,1.0119097139174,0.0744,2.884487526726151
transition_coupling_strength,0.0,8,bandit_v2,1.2378678156915839,0.085,3.094300087788361
transition_coupling_strength,0.0,8,fqi_v3,1.0663149285495734,0.08,2.9544292883738468
transition_coupling_strength,0.0,8,no_op,0.9979349852134687,0.0808,2.883955784274637
transition_coupling_strength,0.0,8,ppo_v3,1.4547382676649625,0.0938,3.3266392865049608
transition_coupling_strength,0.0,8,uniform,1.1115188546849577,0.0822,3.0683179180353353
transition_coupling_strength,0.0,9,bandit_v2,1.0957991527971438,0.0756,2.9696759848359244
transition_coupling_strength,0.0,9,fqi_v3,1.0367239394598942,0.078,2.928760271763634
transition_coupling_strength,0.0,9,no_op,0.894503434374167,0.0744,2.7547734157911052
transition_coupling_strength,0.0,9,ppo_v3,1.3597952264955602,0.0812,3.18821824977036
transition_coupling_strength,0.0,9,uniform,1.1415475118307172,0.0854,3.077516099715073
transition_coupling_strength,0.5,5,bandit_v2,1.9585075638972138,0.1434,3.9069535071404466
transition_coupling_strength,0.5,5,fqi_v3,1.5409491484425022,0.1204,3.5399644460809156
transition_coupling_strength,0.5,5,no_op,0.9891364895829158,0.081,2.9027535946989627
transition_coupling_strength,0.5,5,ppo_v3,2.42565475918132,0.175,4.162528257071877
transition_coupling_strength,0.5,5,uniform,1.7386011171946099,0.1346,3.6755313384138355
transition_coupling_strength,0.5,6,bandit_v2,1.928037915516446,0.1386,3.8556026393437604
transition_coupling_strength,0.5,6,fqi_v3,1.6266173880062538,0.1252,3.5923356875578127
transition_coupling_strength,0.5,6,no_op,0.9190379372338064,0.0772,2.7992973858150254
transition_coupling_strength,0.5,6,ppo_v3,2.403796953372537,0.168,4.177167702811707
transition_coupling_strength,0.5,6,uniform,1.6457382016104232,0.1256,3.6304017019894617
transition_coupling_strength,0.5,7,bandit_v2,1.9118975411092878,0.1412,3.8635637532414173
transition_coupling_strength,0.5,7,fqi_v3,1.7218309498159505,0.1326,3.73929126502372
transition_coupling_strength,0.5,7,no_op,0.9527923624315464,0.0786,2.8768697391794364
transition_coupling_strength,0.5,7,ppo_v3,2.3435584528960676,0.1648,4.098725319597527
transition_coupling_strength,0.5,7,uniform,1.773053185153721,0.1322,3.7244932710396363
transition_coupling_strength,0.5,8,bandit_v2,2.093111916507234,0.153,3.9718337701335242
transition_coupling_strength,0.5,8,fqi_v3,1.665711271959108,0.1302,3.692411083816459
transition_coupling_strength,0.5,8,no_op,0.9979349852134687,0.0808,2.883955784274637
transition_coupling_strength,0.5,8,ppo_v3,2.37410876796261,0.1702,4.158943042690858
transition_coupling_strength,0.5,8,uniform,1.6322504903847141,0.1254,3.6321896686957995
transition_coupling_strength,0.5,9,bandit_v2,1.9412305835952106,0.1424,3.8501267713575813
transition_coupling_strength,0.5,9,fqi_v3,1.5000740372890051,0.1196,3.5665059910554597
transition_coupling_strength,0.5,9,no_op,0.894503434374167,0.0744,2.7547734157911052
transition_coupling_strength,0.5,9,ppo_v3,2.314171651851437,0.1658,4.138925924123561
transition_coupling_strength,0.5,9,uniform,1.7305161182699291,0.1326,3.71132051845131
transition_coupling_strength,1.0,5,bandit_v2,3.0036186239557856,0.2268,4.640220637869454
transition_coupling_strength,1.0,5,fqi_v3,2.654278010549092,0.2064,4.477848552512892
transition_coupling_strength,1.0,5,no_op,0.9891364895829158,0.081,2.9027535946989627
transition_coupling_strength,1.0,5,ppo_v3,3.551042498519922,0.27,4.721220123219902
transition_coupling_strength,1.0,5,uniform,2.4765322260494282,0.1968,4.292388507667522
transition_coupling_strength,1.0,6,bandit_v2,3.1076751665523035,0.2352,4.651323223086176
transition_coupling_strength,1.0,6,fqi_v3,2.649210731095304,0.2082,4.459794101192105
transition_coupling_strength,1.0,6,no_op,0.9190379372338064,0.0772,2.7992973858150254
transition_coupling_strength,1.0,6,ppo_v3,3.6855261405641753,0.2776,4.893702175912621
transition_coupling_strength,1.0,6,uniform,2.3825876479536805,0.1848,4.218670469321743
transition_coupling_strength,1.0,7,bandit_v2,3.0074466085797282,0.2286,4.5751263692138
transition_coupling_strength,1.0,7,fqi_v3,2.4183844113348236,0.193,4.333793259669748
transition_coupling_strength,1.0,7,no_op,0.9527923624315464,0.0786,2.8768697391794364
transition_coupling_strength,1.0,7,ppo_v3,3.61336245543522,0.2728,4.875111244505283
transition_coupling_strength,1.0,7,uniform,2.4293154917162134,0.1842,4.271496414629028
transition_coupling_strength,1.0,8,bandit_v2,2.7977960585365365,0.2142,4.513088171605766
transition_coupling_strength,1.0,8,fqi_v3,2.662349426511643,0.2128,4.476803124879219
transition_coupling_strength,1.0,8,no_op,0.9979349852134687,0.0808,2.883955784274637
transition_coupling_strength,1.0,8,ppo_v3,3.549510416225897,0.2706,4.835837892813494
transition_coupling_strength,1.0,8,uniform,2.512681704538001,0.197,4.335795989421937
transition_coupling_strength,1.0,9,bandit_v2,2.9555584500762904,0.2306,4.555202199347964
transition_coupling_strength,1.0,9,fqi_v3,2.684821617292637,0.2142,4.412998418654377
transition_coupling_strength,1.0,9,no_op,0.894503434374167,0.0744,2.7547734157911052
transition_coupling_strength,1.0,9,ppo_v3,3.6810055996994726,0.2796,4.829400702576877
transition_coupling_strength,1.0,9,uniform,2.42729615376931,0.191,4.2728350303516045
transition_coupling_strength,2.0,5,bandit_v2,3.9695123585751055,0.3154,4.96039496089231
transition_coupling_strength,2.0,5,fqi_v3,3.578281357896218,0.2822,4.938541150640653
transition_coupling_strength,2.0,5,no_op,0.9891364895829158,0.081,2.9027535946989627
transition_coupling_strength,2.0,5,ppo_v3,4.61515707534421,0.3756,5.099826255089373
transition_coupling_strength,2.0,5,uniform,3.1476368608986367,0.255,4.659702453671075
transition_coupling_strength,2.0,6,bandit_v2,3.9810151257377946,0.316,4.928155270324122
transition_coupling_strength,2.0,6,fqi_v3,3.709626788222782,0.3004,5.021188051606969
transition_coupling_strength,2.0,6,no_op,0.9190379372338064,0.0772,2.7992973858150254
transition_coupling_strength,2.0,6,ppo_v3,4.631115426924733,0.3718,5.062526085909676
transition_coupling_strength,2.0,6,uniform,3.0331224558164425,0.252,4.623448621126715
transition_coupling_strength,2.0,7,bandit_v2,3.9321340380024274,0.3106,4.997914777564876
transition_coupling_strength,2.0,7,fqi_v3,3.252928807453005,0.2592,4.824595251146286
transition_coupling_strength,2.0,7,no_op,0.9527923624315464,0.0786,2.8768697391794364
transition_coupling_strength,2.0,7,ppo_v3,4.650792479362242,0.3794,5.125430522837461
transition_coupling_strength,2.0,7,uniform,3.123695357027237,0.2518,4.673926106406696
transition_coupling_strength,2.0,8,bandit_v2,4.205791822976898,0.3354,5.0181969724983375
transition_coupling_strength,2.0,8,fqi_v3,3.830545083754812,0.3132,5.06559112829514
transition_coupling_strength,2.0,8,no_op,0.9979349852134687,0.0808,2.883955784274637
transition_coupling_strength,2.0,8,ppo_v3,4.690526467091252,0.3836,5.080641084737032
transition_coupling_strength,2.0,8,uniform,3.1725032265102904,0.261,4.655189966733502
transition_coupling_strength,2.0,9,bandit_v2,3.9464918326951244,0.3204,4.874649390077958
transition_coupling_strength,2.0,9,fqi_v3,3.4678344484700645,0.2744,4.889547972160041
transition_coupling_strength,2.0,9,no_op,0.894503434374167,0.0744,2.7547734157911052
transition_coupling_strength,2.0,9,ppo_v3,4.565019422916618,0.3908,4.935414640332125
transition_coupling_strength,2.0,9,uniform,3.1161523867793965,0.2582,4.66606674361634
transition_coupling_strength,3.0,5,bandit_v2,4.035289367161573,0.3306,4.9982464955461925
transition_coupling_strength,3.0,5,fqi_v3,4.0000610445516225,0.315,5.175954517643896
transition_coupling_strength,3.0,5,no_op,0.9891364895829158,0.081,2.9027535946989627
transition_coupling_strength,3.0,5,ppo_v3,4.691277277752173,0.3994,4.969318765847783
transition_coupling_strength,3.0,5,uniform,3.281771953802662,0.2716,4.729866367663656
transition_coupling_strength,3.0,6,bandit_v2,4.4434034370933,0.3608,5.151774579726943
transition_coupling_strength,3.0,6,fqi_v3,3.87544793773072,0.3148,5.145944943468864
transition_coupling_strength,3.0,6,no_op,0.9190379372338064,0.0772,2.7992973858150254
transition_coupling_strength,3.0,6,ppo_v3,4.685128498687716,0.3942,5.033090674157176
transition_coupling_strength,3.0,6,uniform,3.3146264468163977,0.2742,4.7785661531148484
transition_coupling_strength,3.0,7,bandit_v2,4.107907442954571,0.3364,4.943679843499459
transition_coupling_strength,3.0,7,fqi_v3,4.0642251789958905,0.3334,5.1772171062277375
transition_coupling_strength,3.0,7,no_op,0.9527923624315464,0.0786,2.8768697391794364
transition_coupling_strength,3.0,7,ppo_v3,4.717323254605559,0.3928,5.053400926842629
transition_coupling_strength,3.0,7,uniform,3.2048738979575373,0.2708,4.705791700460052
transition_coupling_strength,3.0,8,bandit_v2,4.343946863641904,0.3588,5.109573754806866
transition_coupling_strength,3.0,8,fqi_v3,3.85562591425947,0.3142,5.104731754635517
transition_coupling_strength,3.0,8,no_op,0.9979349852134687,0.0808,2.883955784274637
transition_coupling_strength,3.0,8,ppo_v3,4.727634691844578,0.3912,5.005371004044642
transition_coupling_strength,3.0,8,uniform,3.2690793982802653,0.2732,4.699211321326573
transition_coupling_strength,3.0,9,bandit_v2,4.313146797450107,0.3582,4.971157896281333
transition_coupling_strength,3.0,9,fqi_v3,3.9121343318494066,0.3178,5.135733700830701
transition_coupling_strength,3.0,9,no_op,0.894503434374167,0.0744,2.7547734157911052
transition_coupling_strength,3.0,9,ppo_v3,4.707839941187262,0.3916,5.0157390426295825
transition_coupling_strength,3.0,9,uniform,3.352222305025308,0.279,4.771234205051766
t_max,20,5,bandit_v2,1.1307733725783224,0.0766,3.0067222978300205
t_max,20,5,fqi_v3,1.0503974860052836,0.079,2.9648700888789485
t_max,20,5,no_op,0.9891364895829158,0.081,2.9027535946989627
t_max,20,5,ppo_v3,1.2146372075894742,0.0756,3.0724048938797646
t_max,20,5,uniform,1.0172154721393036,0.0762,2.9118595776263043
t_max,20,6,bandit_v2,1.1435334247171332,0.077,3.030932372789122
t_max,20,6,fqi_v3,1.0664905005433203,0.0824,2.9838612969955163
t_max,20,6,no_op,0.9190379372338064,0.0772,2.7992973858150254
t_max,20,6,ppo_v3,1.3705450175121492,0.0822,3.1535630276051454
t_max,20,6,uniform,1.065086276881002,0.0768,2.965041777507048
t_max,20,7,bandit_v2,1.173675659153899,0.0824,3.063433856727632
t_max,20,7,fqi_v3,1.1070938026636452,0.0846,3.038037463410817
t_max,20,7,no_op,0.9527923624315464,0.0786,2.8768697391794364
t_max,20,7,ppo_v3,1.2402284421746372,0.079,3.118528481678208
t_max,20,7,uniform,1.0119097139174,0.0744,2.884487526726151
t_max,20,8,bandit_v2,1.2378678156915839,0.085,3.094300087788361
t_max,20,8,fqi_v3,1.0663149285495734,0.08,2.9544292883738468
t_max,20,8,no_op,0.9979349852134687,0.0808,2.883955784274637
t_max,20,8,ppo_v3,1.4547382676649625,0.0938,3.3266392865049608
t_max,20,8,uniform,1.1115188546849577,0.0822,3.0683179180353353
t_max,20,9,bandit_v2,1.0957991527971438,0.0756,2.9696759848359244
t_max,20,9,fqi_v3,1.0367239394598942,0.078,2.928760271763634
t_max,20,9,no_op,0.894503434374167,0.0744,2.7547734157911052
t_max,20,9,ppo_v3,1.3597952264955602,0.0812,3.18821824977036
t_max,20,9,uniform,1.1415475118307172,0.0854,3.077516099715073
t_max,30,5,bandit_v2,1.1514178217668345,0.0778,3.0135941866237643
t_max,30,5,ppo_v3,1.2861366446893685,0.0754,3.0489685371137
t_max,30,5,fqi_v3,1.1131560970486156,0.0828,3.0210788082237716
t_max,30,5,uniform,1.0233465368341776,0.0768,2.919573134523549
t_max,30,5,no_op,0.9876807212249483,0.0808,2.899979266088959
t_max,30,6,bandit_v2,1.1445699342896836,0.0768,3.024457283628275
t_max,30,6,ppo_v3,1.3524750175121494,0.0822,3.1822079355312622
t_max,30,6,fqi_v3,1.0707505399987283,0.0818,3.0017244349514822
t_max,30,6,uniform,1.0635895238083164,0.0768,2.9622071522267452
t_max,30,6,no_op,0.9190379372338064,0.0772,2.7992973858150254
t_max,30,7,bandit_v2,1.1796861473594362,0.0824,3.0633766595338447
t_max,30,7,ppo_v3,1.2990714800337555,0.0786,3.082994282774017
t_max,30,7,fqi_v3,1.0879589019307478,0.083,3.0194114329603283
t_max,30,7,uniform,1.0119097139174,0.0744,2.884487526726151
t_max,30,7,no_op,0.9527923624315464,0.0786,2.8768697391794364
t_max,30,8,bandit_v2,1.259264203345163,0.0846,3.1236674151008175
t_max,30,8,ppo_v3,1.4547382676649625,0.0938,3.3266392865049608
t_max,30,8,fqi_v3,1.028620184584381,0.0776,2.926655721214205
t_max,30,8,uniform,1.1115188546849577,0.0822,3.0683179180353353
t_max,30,8,no_op,0.9937312929249629,0.0804,2.878373276440262
t_max,30,9,bandit_v2,1.0996227828146745,0.0762,2.9769382232302495
t_max,30,9,ppo_v3,1.283350430333299,0.081,3.2229440078426244
t_max,30,9,fqi_v3,1.0235693561521872,0.0768,2.9055482324657564
t_max,30,9,uniform,1.14215147488403,0.0856,3.079547420224457
t_max,30,9,no_op,0.8945234343741671,0.0744,2.754868217588058
t_max,40,5,bandit_v2,1.1514178217668345,0.0778,3.0135941866237643
t_max,40,5,ppo_v3,1.2861366446893685,0.0754,3.0489685371137
t_max,40,5,fqi_v3,1.1131560970486156,0.0828,3.0210788082237716
t_max,40,5,uniform,1.0233465368341776,0.0768,2.919573134523549
t_max,40,5,no_op,0.9876807212249483,0.0808,2.899979266088959
t_max,40,6,bandit_v2,1.1445699342896836,0.0768,3.024457283628275
t_max,40,6,ppo_v3,1.3502053397570308,0.082,3.17826913055585
t_max,40,6,fqi_v3,1.0707505399987283,0.0818,3.0017244349514822
t_max,40,6,uniform,1.0635895238083164,0.0768,2.9622071522267452
t_max,40,6,no_op,0.9190379372338064,0.0772,2.7992973858150254
t_max,40,7,bandit_v2,1.1796861473594362,0.0824,3.0633766595338447
t_max,40,7,ppo_v3,1.2990714800337555,0.0786,3.082994282774017
t_max,40,7,fqi_v3,1.0879589019307478,0.083,3.0194114329603283
t_max,40,7,uniform,1.0119097139174,0.0744,2.884487526726151
t_max,40,7,no_op,0.9527923624315464,0.0786,2.8768697391794364
t_max,40,8,bandit_v2,1.259264203345163,0.0846,3.1236674151008175
t_max,40,8,ppo_v3,1.4547382676649625,0.0938,3.3266392865049608
t_max,40,8,fqi_v3,1.028620184584381,0.0776,2.926655721214205
t_max,40,8,uniform,1.1115188546849577,0.0822,3.0683179180353353
t_max,40,8,no_op,0.9937312929249629,0.0804,2.878373276440262
t_max,40,9,bandit_v2,1.0996227828146745,0.0762,2.9769382232302495
t_max,40,9,ppo_v3,1.283350430333299,0.081,3.2229440078426244
t_max,40,9,fqi_v3,1.0235693561521872,0.0768,2.9055482324657564
t_max,40,9,uniform,1.14215147488403,0.0856,3.079547420224457
t_max,40,9,no_op,0.8945234343741671,0.0744,2.754868217588058
t_max,60,5,bandit_v2,1.1514178217668345,0.0778,3.0135941866237643
t_max,60,5,ppo_v3,1.2861366446893685,0.0754,3.0489685371137
t_max,60,5,fqi_v3,1.1131560970486156,0.0828,3.0210788082237716
t_max,60,5,uniform,1.0233465368341776,0.0768,2.919573134523549
t_max,60,5,no_op,0.9876807212249483,0.0808,2.899979266088959
t_max,60,6,bandit_v2,1.1445699342896836,0.0768,3.024457283628275
t_max,60,6,ppo_v3,1.3502053397570308,0.082,3.17826913055585
t_max,60,6,fqi_v3,1.0707505399987283,0.0818,3.0017244349514822
t_max,60,6,uniform,1.0635895238083164,0.0768,2.9622071522267452
t_max,60,6,no_op,0.9190379372338064,0.0772,2.7992973858150254
t_max,60,7,bandit_v2,1.1796861473594362,0.0824,3.0633766595338447
t_max,60,7,ppo_v3,1.2990714800337555,0.0786,3.082994282774017
t_max,60,7,fqi_v3,1.0879589019307478,0.083,3.0194114329603283
t_max,60,7,uniform,1.0119097139174,0.0744,2.884487526726151
t_max,60,7,no_op,0.9527923624315464,0.0786,2.8768697391794364
t_max,60,8,bandit_v2,1.259264203345163,0.0846,3.1236674151008175
t_max,60,8,ppo_v3,1.4547382676649625,0.0938,3.3266392865049608
t_max,60,8,fqi_v3,1.028620184584381,0.0776,2.926655721214205
t_max,60,8,uniform,1.1115188546849577,0.0822,3.0683179180353353
t_max,60,8,no_op,0.9937312929249629,0.0804,2.878373276440262
t_max,60,9,bandit_v2,1.0996227828146745,0.0762,2.9769382232302495
t_max,60,9,ppo_v3,1.283350430333299,0.081,3.2229440078426244
t_max,60,9,fqi_v3,1.0235693561521872,0.0768,2.9055482324657564
t_max,60,9,uniform,1.14215147488403,0.0856,3.079547420224457
t_max,60,9,no_op,0.8945234343741671,0.0744,2.754868217588058
